Product Description,1,2 to 4,5 to 9,10 to 24,25 to 49
4 ft x 2.5 ft Small Vertical Pop-up 2 Panel Banner (#44733),328.00,259.00,232.00,194.00,171.00
5.5 ft x 3 ft Medium Vertical Pop-up 2 Panel Banner (#44766),377.00,308.00,279.00,243.00,221.00
6.5 ft x 4 ft Large Vertical Pop-up 2 Panel Banner (#44767),429.00,360.00,332.00,295.00,273.00
4 ft x 2 ft Small Horizontal Pop-up 2 Panel Banner (#44718),328.00,259.00,232.00,194.00,171.00
6 ft x 3 ft Medium Horizontal Pop-up 2 Panel Banner (#44723),390.00,321.00,290.00,254.00,231.00
8 ft x 3 ft Large Horizontal Pop-up 2 Panel Banner (#44732),449.00,380.00,351.00,314.00,293.00
4 ft x 4 ft Triangle Pop-up 2 Panel Banner (#44839),383.00,314.00,285.00,248.00,226.00
3.5 ft Small Circle Pop-up 2 Panel Banner (#44832),342.00,273.00,219.00,188.00,170.00
5 ft Large Circle  Pop-up 2 Panel Banner (#44834),415.00,346.00,318.00,282.00,259.00
6.5 ft Tall Tower Pop-up 3 Panel Banner (#44843),469.00,400.00,370.00,332.00,308.00